{
  "scripts/download_models.py": 1776447625.1433644,
  "frontend/eslint.config.js": 1775795010.3663898,
  "frontend/vite.config.js": 1775881526.1911933,
  "frontend/src/main.jsx": 1776444110.2072392,
  "frontend/src/App.jsx": 1776495596.8952193,
  "frontend/src/hooks/useWebSocket.js": 1776504950.6257641,
  "frontend/src/hooks/useVoiceState.js": 1776539127.949643,
  "frontend/src/layouts/AppShell.jsx": 1776535236.8925471,
  "frontend/src/store/voiceStore.jsx": 1775881080.328473,
  "frontend/src/store/appStore.js": 1776535236.8925471,
  "frontend/src/store/settingsStore.jsx": 1775881082.3363671,
  "frontend/src/pages/SettingsPage.jsx": 1776524854.149048,
  "frontend/src/pages/MainPage.jsx": 1776539127.949643,
  "frontend/src/pages/DashboardPage.jsx": 1776496328.228579,
  "frontend/src/pages/HomePage.jsx": 1775800631.3688276,
  "frontend/src/pages/TrayPage.jsx": 1775800657.2323346,
  "frontend/src/pages/VoiceEnrollmentPage.jsx": 1776531772.305251,
  "frontend/src/pages/settings/GeneralSettings.jsx": 1776448419.941935,
  "frontend/src/pages/settings/APIKeySettings.jsx": 1776524854.1487584,
  "frontend/src/pages/settings/VoiceSettings.jsx": 1776450143.2231004,
  "frontend/src/pages/settings/AISettings.jsx": 1776524854.1487584,
  "frontend/src/pages/settings/AppearanceSettings.jsx": 1776448419.9439352,
  "frontend/src/pages/settings/AboutSettings.jsx": 1776448419.9439352,
  "frontend/src/components/Waveform.jsx": 1776444110.194153,
  "frontend/src/components/ErrorBoundary.jsx": 1776494700.4895792,
  "frontend/src/components/ArcReactor.jsx": 1776444110.1932397,
  "frontend/src/components/StatusRing.jsx": 1776444110.1982396,
  "frontend/src/components/TrayMenu.jsx": 1775799750.2994387,
  "frontend/src/components/ChatHistory.jsx": 1776444110.1982396,
  "frontend/src/components/StatusBar.jsx": 1776450143.2211003,
  "frontend/src/components/VoiceEnrollment.jsx": 1775799312.3414347,
  "frontend/src/components/HUD.jsx": 1776450143.2220957,
  "frontend/src/components/SettingsPanel.jsx": 1775799499.3888795,
  "frontend/src/components/DebugConsole.jsx": 1775799315.1744542,
  "frontend/src/components/Toast.jsx": 1776444110.1982396,
  "frontend/src/components/settings/SettingsDropdown.jsx": 1776448419.941935,
  "frontend/src/components/settings/SettingsSlider.jsx": 1776448419.941918,
  "frontend/src/components/settings/SettingsInput.jsx": 1776448419.941935,
  "frontend/src/components/settings/SettingsSidebar.jsx": 1776499730.0445306,
  "frontend/src/components/settings/SettingsSection.jsx": 1776448419.941918,
  "frontend/src/components/settings/SettingsToggle.jsx": 1776448419.941918,
  "frontend/src/components/home/VoiceStateArc.jsx": 1776504950.6267042,
  "frontend/src/components/home/AudioBarsWaveform.jsx": 1776504950.6267643,
  "frontend/src/__tests__/WebSocket.test.js": 1775881481.7027695,
  "frontend/src/__tests__/VoiceStateArc.test.jsx": 1776504950.6267643,
  "frontend/src/__tests__/HUD.test.jsx": 1775881477.6423557,
  "frontend/src/__tests__/StatusRing.test.jsx": 1775881483.7119672,
  "frontend/src/__tests__/AudioBarsWaveform.test.jsx": 1776502669.5121017,
  "frontend/src/utils/ipc_validator.js": 1776444110.1932397,
  "frontend/src/utils/constants.js": 1776539127.9385028,
  "frontend/src/utils/settingsDefaults.js": 1776514644.7857823,
  "frontend/src/utils/textSanitizer.js": 1776570859.7108836,
  "frontend/src/utils/ipc_validator.ts": 1776435180.8531766,
  "frontend/electron/tray.js": 1776539127.9376423,
  "frontend/electron/preload.js": 1776539127.9376423,
  "frontend/electron/autolaunch.js": 1776539127.9376423,
  "frontend/electron/startup.js": 1776539127.9376423,
  "frontend/electron/main.js": 1776539127.9376423,
  "shared/events.py": 1776539127.949643,
  "shared/__init__.py": 1776435180.8531766,
  "shared/events.ts": 1776539127.949643,
  "shared/validators/validate_message.py": 1776435180.8491766,
  "shared/validators/validate_message.ts": 1776435180.8491766,
  "shared/validators/__init__.py": 1776435180.8491766,
  "backend/main.py": 1776570859.712392,
  "backend/__init__.py": 1775881011.3281207,
  "backend/tests/test_state_machine.py": 1776538402.0168598,
  "backend/tests/test_tts.py": 1776443360.6312335,
  "backend/tests/test_plugins.py": 1776446878.1828425,
  "backend/tests/test_auth.py": 1776450143.2261877,
  "backend/tests/test_web.py": 1776446878.1828425,
  "backend/tests/test_startup_service.py": 1776447625.1433644,
  "backend/tests/test_memory.py": 1776442354.8131292,
  "backend/tests/test_intent.py": 1776570859.7110658,
  "backend/tests/conftest.py": 1776436097.8431647,
  "backend/tests/test_stt.py": 1776436097.8431647,
  "backend/tests/test_vision.py": 1776446102.3600538,
  "backend/tests/test_os_bridge.py": 1776445481.6359599,
  "backend/tests/__init__.py": 1775881011.3281207,
  "backend/os_bridge/windows.py": 1776445481.6350298,
  "backend/os_bridge/macos.py": 1776445481.6359599,
  "backend/os_bridge/linux.py": 1776445481.6350298,
  "backend/os_bridge/platform_detect.py": 1776445481.6340356,
  "backend/os_bridge/__init__.py": 1776445481.6340356,
  "backend/vision/region_selector.py": 1776446102.3591087,
  "backend/vision/capture.py": 1776446102.3591087,
  "backend/vision/ocr.py": 1776446102.3591087,
  "backend/vision/analyzer.py": 1776446102.360016,
  "backend/vision/__init__.py": 1776446102.3591087,
  "backend/plugins/base.py": 1776445481.6334786,
  "backend/plugins/app_launcher.py": 1776445481.6359599,
  "backend/plugins/system_control.py": 1776445481.6359599,
  "backend/plugins/scheduler.py": 1775880906.0341048,
  "backend/plugins/web_search.py": 1776446878.1818426,
  "backend/plugins/screen_reader.py": 1776446102.360016,
  "backend/plugins/__init__.py": 1776446878.175273,
  "backend/plugins/file_manager.py": 1775880904.026956,
  "backend/plugins/plugin_manager.py": 1776505669.290844,
  "backend/voice/stt.py": 1776502496.9485414,
  "backend/voice/tts.py": 1776533054.5328238,
  "backend/voice/tts_local.py": 1776570456.9876132,
  "backend/voice/state_machine.py": 1776538402.0167875,
  "backend/voice/tts_elevenlabs.py": 1776525792.5422761,
  "backend/voice/model_manager.py": 1776436097.7926004,
  "backend/voice/listener.py": 1776506619.7204463,
  "backend/voice/audio_player.py": 1776443360.6312335,
  "backend/voice/__init__.py": 1776443360.6282337,
  "backend/voice/recorder.py": 1776502496.9485414,
  "backend/voice/audio_queue.py": 1776443360.6292336,
  "backend/core/event_bus.py": 1775880675.6839316,
  "backend/core/fallback_chain.py": 1776435180.824177,
  "backend/core/health_check.py": 1776442354.8092008,
  "backend/core/metrics.py": 1776435180.8481767,
  "backend/core/error_handler.py": 1776436097.8401678,
  "backend/core/logger.py": 1776505669.290844,
  "backend/core/retry.py": 1776436097.8401678,
  "backend/core/__init__.py": 1776435180.8491766,
  "backend/storage/db.py": 1776442354.8121207,
  "backend/storage/__init__.py": 1776442354.8171225,
  "backend/brain/claude_agent.py": 1776531772.245485,
  "backend/brain/intent.py": 1776570859.7108836,
  "backend/brain/__init__.py": 1776442354.816122,
  "backend/brain/prompt_templates.py": 1776446878.174578,
  "backend/brain/memory/context_builder.py": 1776445481.6334786,
  "backend/brain/memory/short_term.py": 1776442354.8121207,
  "backend/brain/memory/long_term.py": 1776442354.8121207,
  "backend/brain/memory/summarizer.py": 1776487106.042163,
  "backend/brain/memory/__init__.py": 1776442354.8081195,
  "backend/auth/liveness.py": 1776450143.2252827,
  "backend/auth/access_control.py": 1776450143.2252827,
  "backend/auth/speaker_verify.py": 1776450143.2261877,
  "backend/auth/embeddings.py": 1776450143.2241998,
  "backend/auth/enrollment.py": 1776496821.252285,
  "backend/auth/__init__.py": 1776450143.2241998,
  "backend/config/config_loader.py": 1776538402.016339,
  "backend/config/__init__.py": 1775881011.3281207,
  "backend/services/clipboard.py": 1775880939.5248637,
  "backend/services/web_fetcher.py": 1776446878.1828425,
  "backend/services/duckduckgo.py": 1776446878.1772132,